month,sales_channel,orders,net_quantity,gross_sales_usd,discounts_usd,sales_reversals_usd,net_sales_usd,average_order_value_usd,currency,is_synthetic
2027-01,Online Store,40,45,9620.55,0.00,0.00,9620.55,240.51,USD,true
2027-01,eBay,5,5,344.95,0.00,0.00,344.95,68.99,USD,true
2027-02,Online Store,18,27,1874.64,0.00,0.00,1874.64,104.15,USD,true
2027-02,eBay,5,5,349.95,0.00,0.00,349.95,69.99,USD,true
2027-03,Online Store,35,41,7576.59,0.00,0.00,7576.59,216.47,USD,true
2027-03,eBay,1,1,74.99,0.00,0.00,74.99,74.99,USD,true
2027-04,Online Store,23,31,1942.59,0.00,0.00,1942.59,84.46,USD,true
2027-04,eBay,3,3,224.97,0.00,0.00,224.97,74.99,USD,true
2027-05,Online Store,35,38,8985.60,0.00,0.00,8985.60,256.73,USD,true
2027-05,eBay,8,8,554.92,0.00,0.00,554.92,69.37,USD,true
2027-06,Online Store,30,44,4039.39,0.00,0.00,4039.39,134.65,USD,true
2027-06,eBay,5,5,374.95,0.00,0.00,374.95,74.99,USD,true
2027-07,Online Store,45,54,8950.41,0.00,0.00,8950.41,198.90,USD,true
2027-07,eBay,4,4,294.96,0.00,0.00,294.96,73.74,USD,true
2027-08,Online Store,27,33,2718.49,0.00,0.00,2718.49,100.68,USD,true
2027-08,eBay,4,4,269.96,0.00,0.00,269.96,67.49,USD,true
2027-09,Online Store,37,41,9463.62,0.00,0.00,9463.62,255.77,USD,true
2027-09,eBay,12,12,849.88,0.00,0.00,849.88,70.82,USD,true
2027-10,Online Store,30,41,3292.40,0.00,0.00,3292.40,109.75,USD,true
2027-10,eBay,10,10,699.90,0.00,0.00,699.90,69.99,USD,true
2027-11,Online Store,52,64,9914.33,0.00,0.00,9914.33,190.66,USD,true
2027-11,eBay,16,16,1164.84,0.00,0.00,1164.84,72.80,USD,true
2027-12,Online Store,50,66,7197.98,0.00,0.00,7197.98,143.96,USD,true
2027-12,eBay,5,5,354.95,0.00,0.00,354.95,70.99,USD,true
