month,orders,net_quantity,gross_sales_usd,discounts_usd,sales_reversals_usd,net_sales_usd,average_order_value_usd,currency,is_synthetic
2027-01,45,50,9965.50,0.00,0.00,9965.50,221.46,USD,true
2027-02,23,32,2224.59,0.00,0.00,2224.59,96.72,USD,true
2027-03,36,42,7651.58,0.00,0.00,7651.58,212.54,USD,true
2027-04,26,34,2167.56,0.00,0.00,2167.56,83.37,USD,true
2027-05,43,46,9540.52,0.00,0.00,9540.52,221.87,USD,true
2027-06,35,49,4414.34,0.00,0.00,4414.34,126.12,USD,true
2027-07,49,58,9245.37,0.00,0.00,9245.37,188.68,USD,true
2027-08,31,37,2988.45,0.00,0.00,2988.45,96.40,USD,true
2027-09,49,53,10313.50,0.00,0.00,10313.50,210.48,USD,true
2027-10,40,51,3992.30,0.00,0.00,3992.30,99.81,USD,true
2027-11,68,80,11079.17,0.00,0.00,11079.17,162.93,USD,true
2027-12,55,71,7552.93,0.00,0.00,7552.93,137.33,USD,true
