month,device_type,sales_channel,sessions,online_store_visitors,pageviews,sessions_with_cart_additions,sessions_that_reached_checkout,sessions_that_completed_checkout,conversion_rate_pct,add_to_cart_rate_pct,reached_checkout_rate_pct,checkout_completion_rate_pct,is_synthetic
2027-01,Desktop,Online Store,443,409,1090,56,31,20,4.5147,12.6411,6.9977,64.5161,true
2027-01,Mobile,Online Store,935,830,2250,83,52,18,1.9251,8.8770,5.5615,34.6154,true
2027-01,Tablet,Online Store,78,78,202,10,6,2,2.5641,12.8205,7.6923,33.3333,true
2027-02,Desktop,Online Store,362,358,879,40,21,5,1.3812,11.0497,5.8011,23.8095,true
2027-02,Mobile,Online Store,692,670,1659,68,35,13,1.8786,9.8266,5.0578,37.1429,true
2027-02,Tablet,Online Store,50,50,114,1,1,0,0.0000,2.0000,2.0000,0.0000,true
2027-03,Desktop,Online Store,404,392,975,40,25,12,2.9703,9.9010,6.1881,48.0000,true
2027-03,Mobile,Online Store,913,891,2196,87,46,22,2.4096,9.5290,5.0383,47.8261,true
2027-03,Tablet,Online Store,80,79,180,7,2,1,1.2500,8.7500,2.5000,50.0000,true
2027-04,Desktop,Online Store,375,372,863,32,20,9,2.4000,8.5333,5.3333,45.0000,true
2027-04,Mobile,Online Store,786,774,1940,80,42,13,1.6539,10.1781,5.3435,30.9524,true
2027-04,Tablet,Online Store,85,85,207,6,3,1,1.1765,7.0588,3.5294,33.3333,true
2027-05,Desktop,Online Store,441,437,1106,53,34,15,3.4014,12.0181,7.7098,44.1176,true
2027-05,Mobile,Online Store,945,930,2378,104,68,19,2.0106,11.0053,7.1958,27.9412,true
2027-05,Tablet,Online Store,75,75,180,6,3,1,1.3333,8.0000,4.0000,33.3333,true
2027-06,Desktop,Online Store,449,446,1078,45,28,12,2.6726,10.0223,6.2361,42.8571,true
2027-06,Mobile,Online Store,890,878,2172,77,46,17,1.9101,8.6517,5.1685,36.9565,true
2027-06,Tablet,Online Store,64,63,145,9,5,1,1.5625,14.0625,7.8125,20.0000,true
2027-07,Desktop,Online Store,460,457,1142,46,31,15,3.2609,10.0000,6.7391,48.3871,true
2027-07,Mobile,Online Store,1052,1034,2711,121,68,26,2.4715,11.5019,6.4639,38.2353,true
2027-07,Tablet,Online Store,85,85,203,8,5,4,4.7059,9.4118,5.8824,80.0000,true
2027-08,Desktop,Online Store,461,461,1156,43,28,9,1.9523,9.3275,6.0738,32.1429,true
2027-08,Mobile,Online Store,997,987,2391,93,55,15,1.5045,9.3280,5.5165,27.2727,true
2027-08,Tablet,Online Store,64,64,180,6,5,3,4.6875,9.3750,7.8125,60.0000,true
2027-09,Desktop,Online Store,466,465,1117,36,17,9,1.9313,7.7253,3.6481,52.9412,true
2027-09,Mobile,Online Store,1089,1071,2646,105,65,26,2.3875,9.6419,5.9688,40.0000,true
2027-09,Tablet,Online Store,61,61,159,8,6,2,3.2787,13.1148,9.8361,33.3333,true
2027-10,Desktop,Online Store,558,557,1397,59,32,12,2.1505,10.5735,5.7348,37.5000,true
2027-10,Mobile,Online Store,1175,1167,2856,115,56,17,1.4468,9.7872,4.7660,30.3571,true
2027-10,Tablet,Online Store,102,102,239,8,3,1,0.9804,7.8431,2.9412,33.3333,true
2027-11,Desktop,Online Store,604,602,1471,52,28,18,2.9801,8.6093,4.6358,64.2857,true
2027-11,Mobile,Online Store,1254,1245,3083,127,74,32,2.5518,10.1276,5.9011,43.2432,true
2027-11,Tablet,Online Store,100,100,257,10,7,2,2.0000,10.0000,7.0000,28.5714,true
2027-12,Desktop,Online Store,693,691,1685,71,44,20,2.8860,10.2453,6.3492,45.4545,true
2027-12,Mobile,Online Store,1437,1425,3518,132,76,26,1.8093,9.1858,5.2888,34.2105,true
2027-12,Tablet,Online Store,122,122,312,13,7,4,3.2787,10.6557,5.7377,57.1429,true
