catalog_entry_id,product_id,variant_id,sku,sku_status,product_title,variant_title,product_handle,vendor,shopify_product_type,product_status,analysis_category,analysis_product_type,catalog_price_usd,currency,price_basis,price_checked_date,source_url,source_note,repair_tier,joystick_upgrade,mouse_click_upgrade,rear_input_upgrade
P001,10307923411225,52164748312857,TR-REPAIR-BASIC,present_in_shopify,Mail-In Controller Repair Service,Basic / None / None,repair-service,TechRevive,,ACTIVE,Repair,Repair service,29.99,USD,verified_site_price,2026-09-25,https://techrevivestore.com/products/repair-service,Price frozen at the 2026-09-25 snapshot for this synthetic 2027 scenario.,Basic,None,None,None
P002,10307923411225,52164748345625,TR-REPAIR-STANDARD,present_in_shopify,Mail-In Controller Repair Service,Standard / None / None,repair-service,TechRevive,,ACTIVE,Repair,Repair service,44.99,USD,verified_site_price,2026-09-25,https://techrevivestore.com/products/repair-service,Price frozen at the 2026-09-25 snapshot for this synthetic 2027 scenario.,Standard,None,None,None
P003,10307923411225,52164748378393,TR-REPAIR-FTR,present_in_shopify,Mail-In Controller Repair Service,Full Tech Revival / None / None,repair-service,TechRevive,,ACTIVE,Repair,Repair service,74.99,USD,verified_site_price,2026-09-25,https://techrevivestore.com/products/repair-service,Price frozen at the 2026-09-25 snapshot for this synthetic 2027 scenario.,Full Tech Revival,None,None,None
P004,10307923411225,53147928887577,TR-REPAIR-BASIC-N-MCT,present_in_shopify,Mail-In Controller Repair Service,Basic / None / Mouse-Click Triggers,repair-service,TechRevive,,ACTIVE,Repair,Repair service,94.98,USD,verified_site_price,2026-09-25,https://techrevivestore.com/products/repair-service,Price frozen at the 2026-09-25 snapshot for this synthetic 2027 scenario.,Basic,None,Mouse-Click Triggers,None
P005,10307923411225,53147928920345,TR-REPAIR-BASIC-N-4BP,present_in_shopify,Mail-In Controller Repair Service,Basic / None / Four Back Paddles,repair-service,TechRevive,,ACTIVE,Repair,Repair service,119.98,USD,verified_site_price,2026-09-25,https://techrevivestore.com/products/repair-service,Price frozen at the 2026-09-25 snapshot for this synthetic 2027 scenario.,Basic,None,None,Four Back Paddles
P006,10307923411225,53147928953113,TR-REPAIR-BASIC-N-MCT-4BP,present_in_shopify,Mail-In Controller Repair Service,Basic / None / Mouse-Click Triggers + Four Back Paddles,repair-service,TechRevive,,ACTIVE,Repair,Repair service,184.97,USD,verified_site_price,2026-09-25,https://techrevivestore.com/products/repair-service,Price frozen at the 2026-09-25 snapshot for this synthetic 2027 scenario.,Basic,None,Mouse-Click Triggers,Four Back Paddles
P007,10307923411225,53147928985881,TR-REPAIR-BASIC-HE-N,present_in_shopify,Mail-In Controller Repair Service,Basic / Hall Effect / None,repair-service,TechRevive,,ACTIVE,Repair,Repair service,69.98,USD,verified_site_price,2026-09-25,https://techrevivestore.com/products/repair-service,Price frozen at the 2026-09-25 snapshot for this synthetic 2027 scenario.,Basic,Hall Effect,None,None
P008,10307923411225,53147929018649,TR-REPAIR-BASIC-HE-MCT,present_in_shopify,Mail-In Controller Repair Service,Basic / Hall Effect / Mouse-Click Triggers,repair-service,TechRevive,,ACTIVE,Repair,Repair service,134.97,USD,verified_site_price,2026-09-25,https://techrevivestore.com/products/repair-service,Price frozen at the 2026-09-25 snapshot for this synthetic 2027 scenario.,Basic,Hall Effect,Mouse-Click Triggers,None
P009,10307923411225,53147929051417,TR-REPAIR-BASIC-HE-4BP,present_in_shopify,Mail-In Controller Repair Service,Basic / Hall Effect / Four Back Paddles,repair-service,TechRevive,,ACTIVE,Repair,Repair service,159.97,USD,verified_site_price,2026-09-25,https://techrevivestore.com/products/repair-service,Price frozen at the 2026-09-25 snapshot for this synthetic 2027 scenario.,Basic,Hall Effect,None,Four Back Paddles
P010,10307923411225,53147929084185,TR-REPAIR-BASIC-HE-MCT-4BP,present_in_shopify,Mail-In Controller Repair Service,Basic / Hall Effect / Mouse-Click Triggers + Four Back Paddles,repair-service,TechRevive,,ACTIVE,Repair,Repair service,224.96,USD,verified_site_price,2026-09-25,https://techrevivestore.com/products/repair-service,Price frozen at the 2026-09-25 snapshot for this synthetic 2027 scenario.,Basic,Hall Effect,Mouse-Click Triggers,Four Back Paddles
P011,10307923411225,53147929116953,TR-REPAIR-BASIC-TMR-N,present_in_shopify,Mail-In Controller Repair Service,Basic / TMR / None,repair-service,TechRevive,,ACTIVE,Repair,Repair service,76.98,USD,verified_site_price,2026-09-25,https://techrevivestore.com/products/repair-service,Price frozen at the 2026-09-25 snapshot for this synthetic 2027 scenario.,Basic,TMR,None,None
P012,10307923411225,53147929149721,TR-REPAIR-BASIC-TMR-MCT,present_in_shopify,Mail-In Controller Repair Service,Basic / TMR / Mouse-Click Triggers,repair-service,TechRevive,,ACTIVE,Repair,Repair service,141.97,USD,verified_site_price,2026-09-25,https://techrevivestore.com/products/repair-service,Price frozen at the 2026-09-25 snapshot for this synthetic 2027 scenario.,Basic,TMR,Mouse-Click Triggers,None
P013,10307923411225,53147929182489,TR-REPAIR-BASIC-TMR-4BP,present_in_shopify,Mail-In Controller Repair Service,Basic / TMR / Four Back Paddles,repair-service,TechRevive,,ACTIVE,Repair,Repair service,166.97,USD,verified_site_price,2026-09-25,https://techrevivestore.com/products/repair-service,Price frozen at the 2026-09-25 snapshot for this synthetic 2027 scenario.,Basic,TMR,None,Four Back Paddles
P014,10307923411225,53147929215257,TR-REPAIR-BASIC-TMR-MCT-4BP,present_in_shopify,Mail-In Controller Repair Service,Basic / TMR / Mouse-Click Triggers + Four Back Paddles,repair-service,TechRevive,,ACTIVE,Repair,Repair service,231.96,USD,verified_site_price,2026-09-25,https://techrevivestore.com/products/repair-service,Price frozen at the 2026-09-25 snapshot for this synthetic 2027 scenario.,Basic,TMR,Mouse-Click Triggers,Four Back Paddles
P015,10307923411225,53147929248025,TR-REPAIR-BASIC-JCP,present_in_shopify,Mail-In Controller Repair Service,Basic / Joy-Con Pair / None,repair-service,TechRevive,,ACTIVE,Repair,Repair service,53.98,USD,verified_site_price,2026-09-25,https://techrevivestore.com/products/repair-service,Price frozen at the 2026-09-25 snapshot for this synthetic 2027 scenario.,Basic,None,None,None
P016,10307923411225,53147929280793,TR-REPAIR-STANDARD-N-MCT,present_in_shopify,Mail-In Controller Repair Service,Standard / None / Mouse-Click Triggers,repair-service,TechRevive,,ACTIVE,Repair,Repair service,109.98,USD,verified_site_price,2026-09-25,https://techrevivestore.com/products/repair-service,Price frozen at the 2026-09-25 snapshot for this synthetic 2027 scenario.,Standard,None,Mouse-Click Triggers,None
P017,10307923411225,53147929313561,TR-REPAIR-STANDARD-N-4BP,present_in_shopify,Mail-In Controller Repair Service,Standard / None / Four Back Paddles,repair-service,TechRevive,,ACTIVE,Repair,Repair service,134.98,USD,verified_site_price,2026-09-25,https://techrevivestore.com/products/repair-service,Price frozen at the 2026-09-25 snapshot for this synthetic 2027 scenario.,Standard,None,None,Four Back Paddles
P018,10307923411225,53147929346329,TR-REPAIR-STANDARD-N-MCT-4BP,present_in_shopify,Mail-In Controller Repair Service,Standard / None / Mouse-Click Triggers + Four Back Paddles,repair-service,TechRevive,,ACTIVE,Repair,Repair service,199.97,USD,verified_site_price,2026-09-25,https://techrevivestore.com/products/repair-service,Price frozen at the 2026-09-25 snapshot for this synthetic 2027 scenario.,Standard,None,Mouse-Click Triggers,Four Back Paddles
P019,10307923411225,53147929379097,TR-REPAIR-STANDARD-HE-N,present_in_shopify,Mail-In Controller Repair Service,Standard / Hall Effect / None,repair-service,TechRevive,,ACTIVE,Repair,Repair service,84.98,USD,verified_site_price,2026-09-25,https://techrevivestore.com/products/repair-service,Price frozen at the 2026-09-25 snapshot for this synthetic 2027 scenario.,Standard,Hall Effect,None,None
P020,10307923411225,53147929411865,TR-REPAIR-STANDARD-HE-MCT,present_in_shopify,Mail-In Controller Repair Service,Standard / Hall Effect / Mouse-Click Triggers,repair-service,TechRevive,,ACTIVE,Repair,Repair service,149.97,USD,verified_site_price,2026-09-25,https://techrevivestore.com/products/repair-service,Price frozen at the 2026-09-25 snapshot for this synthetic 2027 scenario.,Standard,Hall Effect,Mouse-Click Triggers,None
P021,10307923411225,53147929444633,TR-REPAIR-STANDARD-HE-4BP,present_in_shopify,Mail-In Controller Repair Service,Standard / Hall Effect / Four Back Paddles,repair-service,TechRevive,,ACTIVE,Repair,Repair service,174.97,USD,verified_site_price,2026-09-25,https://techrevivestore.com/products/repair-service,Price frozen at the 2026-09-25 snapshot for this synthetic 2027 scenario.,Standard,Hall Effect,None,Four Back Paddles
P022,10307923411225,53147929477401,TR-REPAIR-STANDARD-HE-MCT-4BP,present_in_shopify,Mail-In Controller Repair Service,Standard / Hall Effect / Mouse-Click Triggers + Four Back Paddles,repair-service,TechRevive,,ACTIVE,Repair,Repair service,239.96,USD,verified_site_price,2026-09-25,https://techrevivestore.com/products/repair-service,Price frozen at the 2026-09-25 snapshot for this synthetic 2027 scenario.,Standard,Hall Effect,Mouse-Click Triggers,Four Back Paddles
P023,10307923411225,53147929510169,TR-REPAIR-STANDARD-TMR-N,present_in_shopify,Mail-In Controller Repair Service,Standard / TMR / None,repair-service,TechRevive,,ACTIVE,Repair,Repair service,91.98,USD,verified_site_price,2026-09-25,https://techrevivestore.com/products/repair-service,Price frozen at the 2026-09-25 snapshot for this synthetic 2027 scenario.,Standard,TMR,None,None
P024,10307923411225,53147929542937,TR-REPAIR-STANDARD-TMR-MCT,present_in_shopify,Mail-In Controller Repair Service,Standard / TMR / Mouse-Click Triggers,repair-service,TechRevive,,ACTIVE,Repair,Repair service,156.97,USD,verified_site_price,2026-09-25,https://techrevivestore.com/products/repair-service,Price frozen at the 2026-09-25 snapshot for this synthetic 2027 scenario.,Standard,TMR,Mouse-Click Triggers,None
P025,10307923411225,53147929575705,TR-REPAIR-STANDARD-TMR-4BP,present_in_shopify,Mail-In Controller Repair Service,Standard / TMR / Four Back Paddles,repair-service,TechRevive,,ACTIVE,Repair,Repair service,181.97,USD,verified_site_price,2026-09-25,https://techrevivestore.com/products/repair-service,Price frozen at the 2026-09-25 snapshot for this synthetic 2027 scenario.,Standard,TMR,None,Four Back Paddles
P026,10307923411225,53147929608473,TR-REPAIR-STANDARD-TMR-MCT-4BP,present_in_shopify,Mail-In Controller Repair Service,Standard / TMR / Mouse-Click Triggers + Four Back Paddles,repair-service,TechRevive,,ACTIVE,Repair,Repair service,246.96,USD,verified_site_price,2026-09-25,https://techrevivestore.com/products/repair-service,Price frozen at the 2026-09-25 snapshot for this synthetic 2027 scenario.,Standard,TMR,Mouse-Click Triggers,Four Back Paddles
P027,10307923411225,53147929641241,TR-REPAIR-STANDARD-JCP,present_in_shopify,Mail-In Controller Repair Service,Standard / Joy-Con Pair / None,repair-service,TechRevive,,ACTIVE,Repair,Repair service,80.98,USD,verified_site_price,2026-09-25,https://techrevivestore.com/products/repair-service,Price frozen at the 2026-09-25 snapshot for this synthetic 2027 scenario.,Standard,None,None,None
P028,10307923411225,53147929674009,TR-REPAIR-FTR-N-MCT,present_in_shopify,Mail-In Controller Repair Service,Full Tech Revival / None / Mouse-Click Triggers,repair-service,TechRevive,,ACTIVE,Repair,Repair service,139.98,USD,verified_site_price,2026-09-25,https://techrevivestore.com/products/repair-service,Price frozen at the 2026-09-25 snapshot for this synthetic 2027 scenario.,Full Tech Revival,None,Mouse-Click Triggers,None
P029,10307923411225,53147929706777,TR-REPAIR-FTR-N-4BP,present_in_shopify,Mail-In Controller Repair Service,Full Tech Revival / None / Four Back Paddles,repair-service,TechRevive,,ACTIVE,Repair,Repair service,164.98,USD,verified_site_price,2026-09-25,https://techrevivestore.com/products/repair-service,Price frozen at the 2026-09-25 snapshot for this synthetic 2027 scenario.,Full Tech Revival,None,None,Four Back Paddles
P030,10307923411225,53147929739545,TR-REPAIR-FTR-N-MCT-4BP,present_in_shopify,Mail-In Controller Repair Service,Full Tech Revival / None / Mouse-Click Triggers + Four Back Paddles,repair-service,TechRevive,,ACTIVE,Repair,Repair service,229.97,USD,verified_site_price,2026-09-25,https://techrevivestore.com/products/repair-service,Price frozen at the 2026-09-25 snapshot for this synthetic 2027 scenario.,Full Tech Revival,None,Mouse-Click Triggers,Four Back Paddles
P031,10307923411225,53147929772313,TR-REPAIR-FTR-HE-N,present_in_shopify,Mail-In Controller Repair Service,Full Tech Revival / Hall Effect / None,repair-service,TechRevive,,ACTIVE,Repair,Repair service,114.98,USD,verified_site_price,2026-09-25,https://techrevivestore.com/products/repair-service,Price frozen at the 2026-09-25 snapshot for this synthetic 2027 scenario.,Full Tech Revival,Hall Effect,None,None
P032,10307923411225,53147929805081,TR-REPAIR-FTR-HE-MCT,present_in_shopify,Mail-In Controller Repair Service,Full Tech Revival / Hall Effect / Mouse-Click Triggers,repair-service,TechRevive,,ACTIVE,Repair,Repair service,179.97,USD,verified_site_price,2026-09-25,https://techrevivestore.com/products/repair-service,Price frozen at the 2026-09-25 snapshot for this synthetic 2027 scenario.,Full Tech Revival,Hall Effect,Mouse-Click Triggers,None
P033,10307923411225,53147929837849,TR-REPAIR-FTR-HE-4BP,present_in_shopify,Mail-In Controller Repair Service,Full Tech Revival / Hall Effect / Four Back Paddles,repair-service,TechRevive,,ACTIVE,Repair,Repair service,204.97,USD,verified_site_price,2026-09-25,https://techrevivestore.com/products/repair-service,Price frozen at the 2026-09-25 snapshot for this synthetic 2027 scenario.,Full Tech Revival,Hall Effect,None,Four Back Paddles
P034,10307923411225,53147929870617,TR-REPAIR-FTR-HE-MCT-4BP,present_in_shopify,Mail-In Controller Repair Service,Full Tech Revival / Hall Effect / Mouse-Click Triggers + Four Back Paddles,repair-service,TechRevive,,ACTIVE,Repair,Repair service,269.96,USD,verified_site_price,2026-09-25,https://techrevivestore.com/products/repair-service,Price frozen at the 2026-09-25 snapshot for this synthetic 2027 scenario.,Full Tech Revival,Hall Effect,Mouse-Click Triggers,Four Back Paddles
P035,10307923411225,53147929903385,TR-REPAIR-FTR-TMR-N,present_in_shopify,Mail-In Controller Repair Service,Full Tech Revival / TMR / None,repair-service,TechRevive,,ACTIVE,Repair,Repair service,121.98,USD,verified_site_price,2026-09-25,https://techrevivestore.com/products/repair-service,Price frozen at the 2026-09-25 snapshot for this synthetic 2027 scenario.,Full Tech Revival,TMR,None,None
P036,10307923411225,53147929936153,TR-REPAIR-FTR-TMR-MCT,present_in_shopify,Mail-In Controller Repair Service,Full Tech Revival / TMR / Mouse-Click Triggers,repair-service,TechRevive,,ACTIVE,Repair,Repair service,186.97,USD,verified_site_price,2026-09-25,https://techrevivestore.com/products/repair-service,Price frozen at the 2026-09-25 snapshot for this synthetic 2027 scenario.,Full Tech Revival,TMR,Mouse-Click Triggers,None
P037,10307923411225,53147929968921,TR-REPAIR-FTR-TMR-4BP,present_in_shopify,Mail-In Controller Repair Service,Full Tech Revival / TMR / Four Back Paddles,repair-service,TechRevive,,ACTIVE,Repair,Repair service,211.97,USD,verified_site_price,2026-09-25,https://techrevivestore.com/products/repair-service,Price frozen at the 2026-09-25 snapshot for this synthetic 2027 scenario.,Full Tech Revival,TMR,None,Four Back Paddles
P038,10307923411225,53147930001689,TR-REPAIR-FTR-TMR-MCT-4BP,present_in_shopify,Mail-In Controller Repair Service,Full Tech Revival / TMR / Mouse-Click Triggers + Four Back Paddles,repair-service,TechRevive,,ACTIVE,Repair,Repair service,276.96,USD,verified_site_price,2026-09-25,https://techrevivestore.com/products/repair-service,Price frozen at the 2026-09-25 snapshot for this synthetic 2027 scenario.,Full Tech Revival,TMR,Mouse-Click Triggers,Four Back Paddles
P039,10307923411225,53147930034457,TR-REPAIR-FTR-JCP,present_in_shopify,Mail-In Controller Repair Service,Full Tech Revival / Joy-Con Pair / None,repair-service,TechRevive,,ACTIVE,Repair,Repair service,134.98,USD,verified_site_price,2026-09-25,https://techrevivestore.com/products/repair-service,Price frozen at the 2026-09-25 snapshot for this synthetic 2027 scenario.,Full Tech Revival,None,None,None
P040,10307762979097,52164166746393,TR-BUNDLE-OB,present_in_shopify,Performance Upgrade Bundles,OUTBREAK,bundles,TechRevive,,ACTIVE,Upgrade,Upgrade bundle,79.99,USD,verified_site_price,2026-09-25,https://techrevivestore.com/products/bundles,Price frozen at the 2026-09-25 snapshot for this synthetic 2027 scenario.,Not applicable,Hall Effect,Mouse-Click Triggers,None
P041,10307762979097,52164166779161,TR-BUNDLE-AP,present_in_shopify,Performance Upgrade Bundles,APEX PREDATOR,bundles,TechRevive,,ACTIVE,Upgrade,Upgrade bundle,129.99,USD,verified_site_price,2026-09-25,https://techrevivestore.com/products/bundles,Price frozen at the 2026-09-25 snapshot for this synthetic 2027 scenario.,Not applicable,TMR,"Mouse-Click Triggers, Face Buttons and D-Pad",None
P042,10307762979097,52164166811929,TR-BUNDLE-PZ,present_in_shopify,Performance Upgrade Bundles,PATIENT ZERO,bundles,TechRevive,,ACTIVE,Upgrade,Upgrade bundle,189.99,USD,verified_site_price,2026-09-25,https://techrevivestore.com/products/bundles,Price frozen at the 2026-09-25 snapshot for this synthetic 2027 scenario.,Not applicable,TMR,"Mouse-Click Triggers, Face Buttons and D-Pad",Four Rear Inputs
P043,10313115336985,53147930525977,TR-ALC-N-N-4RI,present_in_shopify,Build Your Own Controller Upgrades,None / None / Four Rear Inputs,performance-upgrades,TechRevive,,UNLISTED,Upgrade,Individual upgrades,94.99,USD,verified_site_price,2026-09-25,https://techrevivestore.com/products/performance-upgrades,Price frozen at the 2026-09-25 snapshot for this synthetic 2027 scenario.,Not applicable,None,None,Four Rear Inputs
P044,10313115336985,53147930558745,TR-ALC-N-FACE-N,present_in_shopify,Build Your Own Controller Upgrades,None / Face Buttons and D-Pad / None,performance-upgrades,TechRevive,,UNLISTED,Upgrade,Individual upgrades,44.99,USD,verified_site_price,2026-09-25,https://techrevivestore.com/products/performance-upgrades,Price frozen at the 2026-09-25 snapshot for this synthetic 2027 scenario.,Not applicable,None,Face Buttons and D-Pad,None
P045,10313115336985,53147930624281,TR-ALC-N-TRIG-N,present_in_shopify,Build Your Own Controller Upgrades,None / Triggers and Bumpers / None,performance-upgrades,TechRevive,,UNLISTED,Upgrade,Individual upgrades,69.99,USD,verified_site_price,2026-09-25,https://techrevivestore.com/products/performance-upgrades,Price frozen at the 2026-09-25 snapshot for this synthetic 2027 scenario.,Not applicable,None,Triggers and Bumpers,None
P046,10313115336985,53147930689817,TR-ALC-N-FULL-N,present_in_shopify,Build Your Own Controller Upgrades,None / Complete Control Set / None,performance-upgrades,TechRevive,,UNLISTED,Upgrade,Individual upgrades,99.99,USD,verified_site_price,2026-09-25,https://techrevivestore.com/products/performance-upgrades,Price frozen at the 2026-09-25 snapshot for this synthetic 2027 scenario.,Not applicable,None,Complete Control Set,None
P047,10313115336985,53147930755353,TR-ALC-HE-N-N,present_in_shopify,Build Your Own Controller Upgrades,Hall Effect / None / None,performance-upgrades,TechRevive,,UNLISTED,Upgrade,Individual upgrades,42.99,USD,verified_site_price,2026-09-25,https://techrevivestore.com/products/performance-upgrades,Price frozen at the 2026-09-25 snapshot for this synthetic 2027 scenario.,Not applicable,Hall Effect,None,None
P048,10313115336985,53147930886425,TR-ALC-HE-TRIG-N,present_in_shopify,Build Your Own Controller Upgrades,Hall Effect / Triggers and Bumpers / None,performance-upgrades,TechRevive,,UNLISTED,Upgrade,Individual upgrades,112.98,USD,verified_site_price,2026-09-25,https://techrevivestore.com/products/performance-upgrades,Price frozen at the 2026-09-25 snapshot for this synthetic 2027 scenario.,Not applicable,Hall Effect,Triggers and Bumpers,None
P049,10313115336985,53147931017497,TR-ALC-TMR-N-N,present_in_shopify,Build Your Own Controller Upgrades,TMR / None / None,performance-upgrades,TechRevive,,UNLISTED,Upgrade,Individual upgrades,49.99,USD,verified_site_price,2026-09-25,https://techrevivestore.com/products/performance-upgrades,Price frozen at the 2026-09-25 snapshot for this synthetic 2027 scenario.,Not applicable,TMR,None,None
P050,10313115336985,53147931246873,TR-ALC-TMR-FULL-4RI,present_in_shopify,Build Your Own Controller Upgrades,TMR / Complete Control Set / Four Rear Inputs,performance-upgrades,TechRevive,,UNLISTED,Upgrade,Individual upgrades,244.97,USD,verified_site_price,2026-09-25,https://techrevivestore.com/products/performance-upgrades,Price frozen at the 2026-09-25 snapshot for this synthetic 2027 scenario.,Not applicable,TMR,Complete Control Set,Four Rear Inputs
P051,10754952986905,52968922710297,PS5-GPR-001,present_in_shopify,Refurbished PS5 Galactic Purple Controller Hall Effect Joysticks,Default Title,sony-ps5-dualsense-galactic-purple-controller-hall-effect-joysticks-anti-drift,TechRevive,Refurbished Controller,ACTIVE,Refurbished,Refurbished controller,74.99,USD,verified_site_price,2026-09-25,https://techrevivestore.com/products/sony-ps5-dualsense-galactic-purple-controller-hall-effect-joysticks-anti-drift,Real exact-unit listing used only as a price template. Each simulated sale is a different hypothetical restocked unit.,Not applicable,Not applicable,Not applicable,Not applicable
P052,10754953019673,52968922743065,PS5-WHT-HE-004,present_in_shopify,Refurbished PS5 Glacier White Controller Hall Effect Joysticks,Default Title,sony-ps5-dualsense-white-controller-hall-effect-joysticks-installed-anti-drift,TechRevive,Refurbished Controller,ACTIVE,Refurbished,Refurbished controller,69.99,USD,verified_site_price,2026-09-25,https://techrevivestore.com/products/sony-ps5-dualsense-white-controller-hall-effect-joysticks-installed-anti-drift,Real exact-unit listing used only as a price template. Each simulated sale is a different hypothetical restocked unit.,Not applicable,Not applicable,Not applicable,Not applicable
P053,10754953085209,52968922808601,PS5-CMO-002,present_in_shopify,Refurbished PS5 Gray Camouflage Controller,Default Title,sony-ps5-dualsense-wireless-controller-gray-camouflage,TechRevive,Refurbished Controller,ACTIVE,Refurbished,Refurbished controller,59.99,USD,verified_site_price,2026-09-25,https://techrevivestore.com/products/sony-ps5-dualsense-wireless-controller-gray-camouflage,Real exact-unit listing used only as a price template. Each simulated sale is a different hypothetical restocked unit.,Not applicable,Not applicable,Not applicable,Not applicable
P054,10754955936025,52968936898841,PS5-WHT-HE-003,present_in_shopify,Refurbished PS5 Glacier White Controller Hall Effect Joysticks,Default Title,sony-ps5-dualsense-white-controller-hall-effect-joysticks-installed-anti-drift-2,TechRevive,Refurbished Controller,ACTIVE,Refurbished,Refurbished controller,74.99,USD,verified_site_price,2026-09-25,https://techrevivestore.com/products/sony-ps5-dualsense-white-controller-hall-effect-joysticks-installed-anti-drift-2,Real exact-unit listing used only as a price template. Each simulated sale is a different hypothetical restocked unit.,Not applicable,Not applicable,Not applicable,Not applicable
P055,10806653845785,53147452932377,,blank_in_shopify,TechRevive Service Add-Ons,Mail-In Kit,techrevive-service-add-ons,TechRevive,,UNLISTED,Mail-In Kit,Mail-In Kit,19.99,USD,verified_site_price,2026-09-25,https://techrevivestore.com/products/techrevive-service-add-ons,Optional kit for a repair or upgrade order only. Public builder and connected Shopify variant both show 19.99 USD.,Not applicable,Not applicable,Not applicable,Not applicable
P056,,,,not_created_hypothetical_release,Premium Controller - Simulated 2027 Release 01,PS5 DualSense,,,,SIMULATED,Premium,Premium controller,475.00,USD,owner_approved_simulation_range,,https://techrevivestore.com/collections/premium-controllers,"Price selected within owner-approved 350-500 USD range. No published product price. Generic fictional release name, not an announced design.",Not applicable,Not applicable,Not applicable,Not applicable
P057,,,,not_created_hypothetical_release,Premium Controller - Simulated 2027 Release 02,PS5 DualSense,,,,SIMULATED,Premium,Premium controller,350.00,USD,owner_approved_simulation_range,,https://techrevivestore.com/collections/premium-controllers,"Price selected within owner-approved 350-500 USD range. No published product price. Generic fictional release name, not an announced design.",Not applicable,Not applicable,Not applicable,Not applicable
P058,,,,not_created_hypothetical_release,Premium Controller - Simulated 2027 Release 03,PS5 DualSense,,,,SIMULATED,Premium,Premium controller,450.00,USD,owner_approved_simulation_range,,https://techrevivestore.com/collections/premium-controllers,"Price selected within owner-approved 350-500 USD range. No published product price. Generic fictional release name, not an announced design.",Not applicable,Not applicable,Not applicable,Not applicable
P059,,,,not_created_hypothetical_release,Premium Controller - Simulated 2027 Release 04,PS5 DualSense,,,,SIMULATED,Premium,Premium controller,375.00,USD,owner_approved_simulation_range,,https://techrevivestore.com/collections/premium-controllers,"Price selected within owner-approved 350-500 USD range. No published product price. Generic fictional release name, not an announced design.",Not applicable,Not applicable,Not applicable,Not applicable
P060,,,,not_created_hypothetical_release,Premium Controller - Simulated 2027 Release 05,PS5 DualSense,,,,SIMULATED,Premium,Premium controller,500.00,USD,owner_approved_simulation_range,,https://techrevivestore.com/collections/premium-controllers,"Price selected within owner-approved 350-500 USD range. No published product price. Generic fictional release name, not an announced design.",Not applicable,Not applicable,Not applicable,Not applicable
P061,,,,not_created_hypothetical_release,Premium Controller - Simulated 2027 Release 06,PS5 DualSense,,,,SIMULATED,Premium,Premium controller,425.00,USD,owner_approved_simulation_range,,https://techrevivestore.com/collections/premium-controllers,"Price selected within owner-approved 350-500 USD range. No published product price. Generic fictional release name, not an announced design.",Not applicable,Not applicable,Not applicable,Not applicable
P062,,,,not_created_hypothetical_release,Masterpiece Controller - Simulated 2027 Release 01,PS5 DualSense,,,,SIMULATED,Masterpiece,Masterpiece controller,1250.00,USD,owner_approved_simulation_range,,https://techrevivestore.com/collections/masterpiece-controllers,"Price selected within owner-approved 1000-2000 USD range. No published product price. Generic fictional release name, not an announced design.",Not applicable,Not applicable,Not applicable,Not applicable
P063,,,,not_created_hypothetical_release,Masterpiece Controller - Simulated 2027 Release 02,PS5 DualSense,,,,SIMULATED,Masterpiece,Masterpiece controller,2000.00,USD,owner_approved_simulation_range,,https://techrevivestore.com/collections/masterpiece-controllers,"Price selected within owner-approved 1000-2000 USD range. No published product price. Generic fictional release name, not an announced design.",Not applicable,Not applicable,Not applicable,Not applicable
P064,10754953052441,52968922775833,PS5-WHT-HE-001,present_in_shopify,Refurbished PS5 Glacier White Controller Hall Effect Joysticks,Default Title,sony-ps5-dualsense-white-controller-hall-effect-joysticks-installed-anti-drift-1,TechRevive,Refurbished Controller,ACTIVE,Refurbished,Refurbished controller,69.99,USD,verified_site_price,2026-09-25,https://techrevivestore.com/products/sony-ps5-dualsense-white-controller-hall-effect-joysticks-installed-anti-drift-1,Real exact-unit listing used only as a price template. Each simulated sale is a different hypothetical restocked unit.,Not applicable,Not applicable,Not applicable,Not applicable
