date,sales_channel,sessions,online_store_visitors,pageviews,sessions_with_cart_additions,sessions_that_reached_checkout,sessions_that_completed_checkout,conversion_rate_pct,add_to_cart_rate_pct,reached_checkout_rate_pct,checkout_completion_rate_pct,is_synthetic
2027-01-01,Online Store,39,31,76,2,1,1,2.5641,5.1282,2.5641,100.0000,true
2027-01-02,Online Store,47,43,133,7,4,2,4.2553,14.8936,8.5106,50.0000,true
2027-01-03,Online Store,52,52,137,9,6,1,1.9231,17.3077,11.5385,16.6667,true
2027-01-04,Online Store,37,37,91,4,4,2,5.4054,10.8108,10.8108,50.0000,true
2027-01-05,Online Store,38,37,105,8,4,1,2.6316,21.0526,10.5263,25.0000,true
2027-01-06,Online Store,37,37,87,3,1,1,2.7027,8.1081,2.7027,100.0000,true
2027-01-07,Online Store,60,60,147,5,4,3,5.0000,8.3333,6.6667,75.0000,true
2027-01-08,Online Store,47,46,98,1,1,0,0.0000,2.1277,2.1277,0.0000,true
2027-01-09,Online Store,52,49,123,10,4,1,1.9231,19.2308,7.6923,25.0000,true
2027-01-10,Online Store,44,42,112,5,4,2,4.5455,11.3636,9.0909,50.0000,true
2027-01-11,Online Store,39,37,97,4,2,0,0.0000,10.2564,5.1282,0.0000,true
2027-01-12,Online Store,39,38,99,4,4,2,5.1282,10.2564,10.2564,50.0000,true
2027-01-13,Online Store,56,56,132,4,0,0,0.0000,7.1429,0.0000,,true
2027-01-14,Online Store,36,36,94,3,0,0,0.0000,8.3333,0.0000,,true
2027-01-15,Online Store,36,36,72,1,1,0,0.0000,2.7778,2.7778,0.0000,true
2027-01-16,Online Store,69,67,155,6,4,2,2.8986,8.6957,5.7971,50.0000,true
2027-01-17,Online Store,63,63,167,7,4,2,3.1746,11.1111,6.3492,50.0000,true
2027-01-18,Online Store,48,48,117,4,2,2,4.1667,8.3333,4.1667,100.0000,true
2027-01-19,Online Store,54,53,132,6,4,1,1.8519,11.1111,7.4074,25.0000,true
2027-01-20,Online Store,52,52,112,4,3,2,3.8462,7.6923,5.7692,66.6667,true
2027-01-21,Online Store,43,42,106,5,3,1,2.3256,11.6279,6.9767,33.3333,true
2027-01-22,Online Store,39,39,103,7,3,1,2.5641,17.9487,7.6923,33.3333,true
2027-01-23,Online Store,42,42,82,3,3,1,2.3810,7.1429,7.1429,33.3333,true
2027-01-24,Online Store,61,61,147,5,4,1,1.6393,8.1967,6.5574,25.0000,true
2027-01-25,Online Store,52,52,125,5,3,1,1.9231,9.6154,5.7692,33.3333,true
2027-01-26,Online Store,60,60,163,7,4,2,3.3333,11.6667,6.6667,50.0000,true
2027-01-27,Online Store,38,38,107,5,4,3,7.8947,13.1579,10.5263,75.0000,true
2027-01-28,Online Store,47,47,102,0,0,0,0.0000,0.0000,0.0000,,true
2027-01-29,Online Store,37,37,98,5,4,4,10.8108,13.5135,10.8108,100.0000,true
2027-01-30,Online Store,53,53,136,6,3,0,0.0000,11.3208,5.6604,0.0000,true
2027-01-31,Online Store,39,39,87,4,1,1,2.5641,10.2564,2.5641,100.0000,true
2027-02-01,Online Store,42,42,114,9,2,0,0.0000,21.4286,4.7619,0.0000,true
2027-02-02,Online Store,48,48,93,4,1,0,0.0000,8.3333,2.0833,0.0000,true
2027-02-03,Online Store,35,35,111,7,2,1,2.8571,20.0000,5.7143,50.0000,true
2027-02-04,Online Store,35,35,85,2,1,1,2.8571,5.7143,2.8571,100.0000,true
2027-02-05,Online Store,37,37,84,1,1,1,2.7027,2.7027,2.7027,100.0000,true
2027-02-06,Online Store,39,38,105,5,3,1,2.5641,12.8205,7.6923,33.3333,true
2027-02-07,Online Store,52,52,122,4,3,1,1.9231,7.6923,5.7692,33.3333,true
2027-02-08,Online Store,58,58,151,1,0,0,0.0000,1.7241,0.0000,,true
2027-02-09,Online Store,37,37,91,2,0,0,0.0000,5.4054,0.0000,,true
2027-02-10,Online Store,34,34,76,2,1,0,0.0000,5.8824,2.9412,0.0000,true
2027-02-11,Online Store,35,35,76,3,1,0,0.0000,8.5714,2.8571,0.0000,true
2027-02-12,Online Store,68,68,145,4,3,1,1.4706,5.8824,4.4118,33.3333,true
2027-02-13,Online Store,40,40,92,3,2,0,0.0000,7.5000,5.0000,0.0000,true
2027-02-14,Online Store,32,32,85,7,3,1,3.1250,21.8750,9.3750,33.3333,true
2027-02-15,Online Store,30,30,63,3,2,0,0.0000,10.0000,6.6667,0.0000,true
2027-02-16,Online Store,34,34,70,2,2,0,0.0000,5.8824,5.8824,0.0000,true
2027-02-17,Online Store,52,52,121,2,2,1,1.9231,3.8462,3.8462,50.0000,true
2027-02-18,Online Store,30,30,75,3,1,1,3.3333,10.0000,3.3333,100.0000,true
2027-02-19,Online Store,41,41,89,2,1,0,0.0000,4.8780,2.4390,0.0000,true
2027-02-20,Online Store,32,32,60,3,2,1,3.1250,9.3750,6.2500,50.0000,true
2027-02-21,Online Store,39,39,94,2,2,0,0.0000,5.1282,5.1282,0.0000,true
2027-02-22,Online Store,44,43,114,7,4,1,2.2727,15.9091,9.0909,25.0000,true
2027-02-23,Online Store,26,26,71,4,4,2,7.6923,15.3846,15.3846,50.0000,true
2027-02-24,Online Store,31,31,64,4,3,0,0.0000,12.9032,9.6774,0.0000,true
2027-02-25,Online Store,43,43,127,9,6,3,6.9767,20.9302,13.9535,50.0000,true
2027-02-26,Online Store,34,34,89,6,3,1,2.9412,17.6471,8.8235,33.3333,true
2027-02-27,Online Store,31,31,86,2,0,0,0.0000,6.4516,0.0000,,true
2027-02-28,Online Store,45,45,99,6,2,1,2.2222,13.3333,4.4444,50.0000,true
2027-03-01,Online Store,29,29,60,0,0,0,0.0000,0.0000,0.0000,,true
2027-03-02,Online Store,56,55,136,6,2,1,1.7857,10.7143,3.5714,50.0000,true
2027-03-03,Online Store,37,37,89,3,2,0,0.0000,8.1081,5.4054,0.0000,true
2027-03-04,Online Store,67,66,137,7,3,1,1.4925,10.4478,4.4776,33.3333,true
2027-03-05,Online Store,38,38,97,3,1,0,0.0000,7.8947,2.6316,0.0000,true
2027-03-06,Online Store,47,47,100,6,1,0,0.0000,12.7660,2.1277,0.0000,true
2027-03-07,Online Store,41,40,106,5,4,2,4.8780,12.1951,9.7561,50.0000,true
2027-03-08,Online Store,54,54,121,4,2,2,3.7037,7.4074,3.7037,100.0000,true
2027-03-09,Online Store,39,39,92,3,3,2,5.1282,7.6923,7.6923,66.6667,true
2027-03-10,Online Store,62,62,150,5,3,2,3.2258,8.0645,4.8387,66.6667,true
2027-03-11,Online Store,48,48,120,7,5,2,4.1667,14.5833,10.4167,40.0000,true
2027-03-12,Online Store,46,46,103,4,0,0,0.0000,8.6957,0.0000,,true
2027-03-13,Online Store,42,42,119,4,3,1,2.3810,9.5238,7.1429,33.3333,true
2027-03-14,Online Store,62,62,137,7,1,1,1.6129,11.2903,1.6129,100.0000,true
2027-03-15,Online Store,46,46,98,3,2,1,2.1739,6.5217,4.3478,50.0000,true
2027-03-16,Online Store,44,43,111,2,0,0,0.0000,4.5455,0.0000,,true
2027-03-17,Online Store,40,40,90,2,2,1,2.5000,5.0000,5.0000,50.0000,true
2027-03-18,Online Store,50,50,137,4,3,2,4.0000,8.0000,6.0000,66.6667,true
2027-03-19,Online Store,39,39,102,4,3,2,5.1282,10.2564,7.6923,66.6667,true
2027-03-20,Online Store,37,37,89,5,3,3,8.1081,13.5135,8.1081,100.0000,true
2027-03-21,Online Store,48,48,103,1,1,0,0.0000,2.0833,2.0833,0.0000,true
2027-03-22,Online Store,52,52,97,5,2,1,1.9231,9.6154,3.8462,50.0000,true
2027-03-23,Online Store,29,29,71,2,2,0,0.0000,6.8966,6.8966,0.0000,true
2027-03-24,Online Store,42,42,110,6,3,1,2.3810,14.2857,7.1429,33.3333,true
2027-03-25,Online Store,43,43,115,5,3,1,2.3256,11.6279,6.9767,33.3333,true
2027-03-26,Online Store,42,42,107,5,3,1,2.3810,11.9048,7.1429,33.3333,true
2027-03-27,Online Store,50,50,115,3,1,1,2.0000,6.0000,2.0000,100.0000,true
2027-03-28,Online Store,43,43,113,4,3,0,0.0000,9.3023,6.9767,0.0000,true
2027-03-29,Online Store,40,40,99,7,5,2,5.0000,17.5000,12.5000,40.0000,true
2027-03-30,Online Store,39,39,116,8,5,3,7.6923,20.5128,12.8205,60.0000,true
2027-03-31,Online Store,45,44,111,4,2,2,4.4444,8.8889,4.4444,100.0000,true
2027-04-01,Online Store,44,44,108,6,6,1,2.2727,13.6364,13.6364,16.6667,true
2027-04-02,Online Store,47,47,110,5,1,0,0.0000,10.6383,2.1277,0.0000,true
2027-04-03,Online Store,35,35,98,2,1,0,0.0000,5.7143,2.8571,0.0000,true
2027-04-04,Online Store,40,40,80,1,0,0,0.0000,2.5000,0.0000,,true
2027-04-05,Online Store,78,78,203,9,5,2,2.5641,11.5385,6.4103,40.0000,true
2027-04-06,Online Store,37,37,93,5,2,2,5.4054,13.5135,5.4054,100.0000,true
2027-04-07,Online Store,40,40,96,2,1,0,0.0000,5.0000,2.5000,0.0000,true
2027-04-08,Online Store,55,55,140,4,2,0,0.0000,7.2727,3.6364,0.0000,true
2027-04-09,Online Store,31,31,68,2,0,0,0.0000,6.4516,0.0000,,true
2027-04-10,Online Store,39,38,105,5,4,2,5.1282,12.8205,10.2564,50.0000,true
2027-04-11,Online Store,38,38,77,3,1,1,2.6316,7.8947,2.6316,100.0000,true
2027-04-12,Online Store,35,35,91,6,3,1,2.8571,17.1429,8.5714,33.3333,true
2027-04-13,Online Store,38,38,76,0,0,0,0.0000,0.0000,0.0000,,true
2027-04-14,Online Store,38,38,83,6,4,2,5.2632,15.7895,10.5263,50.0000,true
2027-04-15,Online Store,49,49,142,10,5,1,2.0408,20.4082,10.2041,20.0000,true
2027-04-16,Online Store,37,37,98,6,3,2,5.4054,16.2162,8.1081,66.6667,true
2027-04-17,Online Store,46,46,123,5,2,1,2.1739,10.8696,4.3478,50.0000,true
2027-04-18,Online Store,72,72,171,4,3,0,0.0000,5.5556,4.1667,0.0000,true
2027-04-19,Online Store,29,29,57,3,3,0,0.0000,10.3448,10.3448,0.0000,true
2027-04-20,Online Store,42,42,104,2,0,0,0.0000,4.7619,0.0000,,true
2027-04-21,Online Store,37,37,102,4,2,0,0.0000,10.8108,5.4054,0.0000,true
2027-04-22,Online Store,40,40,100,6,4,1,2.5000,15.0000,10.0000,25.0000,true
2027-04-23,Online Store,40,40,92,2,0,0,0.0000,5.0000,0.0000,,true
2027-04-24,Online Store,29,29,87,2,2,2,6.8966,6.8966,6.8966,100.0000,true
2027-04-25,Online Store,39,39,71,2,1,1,2.5641,5.1282,2.5641,100.0000,true
2027-04-26,Online Store,34,34,80,2,2,1,2.9412,5.8824,5.8824,50.0000,true
2027-04-27,Online Store,40,40,82,2,1,0,0.0000,5.0000,2.5000,0.0000,true
2027-04-28,Online Store,37,37,80,2,1,1,2.7027,5.4054,2.7027,100.0000,true
2027-04-29,Online Store,37,37,98,6,4,2,5.4054,16.2162,10.8108,50.0000,true
2027-04-30,Online Store,43,43,95,4,2,0,0.0000,9.3023,4.6512,0.0000,true
2027-05-01,Online Store,36,36,86,3,2,0,0.0000,8.3333,5.5556,0.0000,true
2027-05-02,Online Store,54,54,139,4,2,0,0.0000,7.4074,3.7037,0.0000,true
2027-05-03,Online Store,45,45,116,6,4,3,6.6667,13.3333,8.8889,75.0000,true
2027-05-04,Online Store,42,42,108,7,5,0,0.0000,16.6667,11.9048,0.0000,true
2027-05-05,Online Store,48,48,104,2,1,1,2.0833,4.1667,2.0833,100.0000,true
2027-05-06,Online Store,27,27,61,0,0,0,0.0000,0.0000,0.0000,,true
2027-05-07,Online Store,47,47,115,5,4,1,2.1277,10.6383,8.5106,25.0000,true
2027-05-08,Online Store,59,59,141,5,2,1,1.6949,8.4746,3.3898,50.0000,true
2027-05-09,Online Store,52,52,131,5,3,1,1.9231,9.6154,5.7692,33.3333,true
2027-05-10,Online Store,28,28,79,5,4,3,10.7143,17.8571,14.2857,75.0000,true
2027-05-11,Online Store,38,38,89,4,3,3,7.8947,10.5263,7.8947,100.0000,true
2027-05-12,Online Store,53,53,134,9,3,1,1.8868,16.9811,5.6604,33.3333,true
2027-05-13,Online Store,42,42,126,6,4,2,4.7619,14.2857,9.5238,50.0000,true
2027-05-14,Online Store,38,38,90,4,2,1,2.6316,10.5263,5.2632,50.0000,true
2027-05-15,Online Store,57,57,157,10,9,1,1.7544,17.5439,15.7895,11.1111,true
2027-05-16,Online Store,61,61,145,5,4,2,3.2787,8.1967,6.5574,50.0000,true
2027-05-17,Online Store,43,43,114,7,3,2,4.6512,16.2791,6.9767,66.6667,true
2027-05-18,Online Store,34,34,78,2,1,0,0.0000,5.8824,2.9412,0.0000,true
2027-05-19,Online Store,49,49,116,3,3,1,2.0408,6.1224,6.1224,33.3333,true
2027-05-20,Online Store,49,49,126,6,5,1,2.0408,12.2449,10.2041,20.0000,true
2027-05-21,Online Store,36,36,104,5,2,1,2.7778,13.8889,5.5556,50.0000,true
2027-05-22,Online Store,51,51,126,3,1,0,0.0000,5.8824,1.9608,0.0000,true
2027-05-23,Online Store,59,59,150,5,4,1,1.6949,8.4746,6.7797,25.0000,true
2027-05-24,Online Store,59,59,141,10,8,1,1.6949,16.9492,13.5593,12.5000,true
2027-05-25,Online Store,38,38,112,5,3,1,2.6316,13.1579,7.8947,33.3333,true
2027-05-26,Online Store,57,57,137,6,4,0,0.0000,10.5263,7.0175,0.0000,true
2027-05-27,Online Store,25,25,64,4,2,1,4.0000,16.0000,8.0000,50.0000,true
2027-05-28,Online Store,37,37,85,2,1,0,0.0000,5.4054,2.7027,0.0000,true
2027-05-29,Online Store,74,74,175,7,6,1,1.3514,9.4595,8.1081,16.6667,true
2027-05-30,Online Store,77,77,197,13,6,2,2.5974,16.8831,7.7922,33.3333,true
2027-05-31,Online Store,46,46,118,5,4,3,6.5217,10.8696,8.6957,75.0000,true
2027-06-01,Online Store,42,42,79,1,0,0,0.0000,2.3810,0.0000,,true
2027-06-02,Online Store,51,51,109,4,2,2,3.9216,7.8431,3.9216,100.0000,true
2027-06-03,Online Store,46,45,139,10,9,6,13.0435,21.7391,19.5652,66.6667,true
2027-06-04,Online Store,38,38,91,3,1,0,0.0000,7.8947,2.6316,0.0000,true
2027-06-05,Online Store,43,43,110,7,4,1,2.3256,16.2791,9.3023,25.0000,true
2027-06-06,Online Store,38,38,84,3,3,0,0.0000,7.8947,7.8947,0.0000,true
2027-06-07,Online Store,44,44,83,3,1,0,0.0000,6.8182,2.2727,0.0000,true
2027-06-08,Online Store,70,70,189,10,5,1,1.4286,14.2857,7.1429,20.0000,true
2027-06-09,Online Store,39,39,98,4,3,2,5.1282,10.2564,7.6923,66.6667,true
2027-06-10,Online Store,39,39,84,7,3,0,0.0000,17.9487,7.6923,0.0000,true
2027-06-11,Online Store,60,60,146,4,2,1,1.6667,6.6667,3.3333,50.0000,true
2027-06-12,Online Store,54,54,146,5,4,2,3.7037,9.2593,7.4074,50.0000,true
2027-06-13,Online Store,56,56,139,5,3,1,1.7857,8.9286,5.3571,33.3333,true
2027-06-14,Online Store,37,37,79,2,1,0,0.0000,5.4054,2.7027,0.0000,true
2027-06-15,Online Store,55,55,142,6,4,2,3.6364,10.9091,7.2727,50.0000,true
2027-06-16,Online Store,34,34,88,3,3,1,2.9412,8.8235,8.8235,33.3333,true
2027-06-17,Online Store,49,49,110,2,1,0,0.0000,4.0816,2.0408,0.0000,true
2027-06-18,Online Store,34,34,87,2,1,1,2.9412,5.8824,2.9412,100.0000,true
2027-06-19,Online Store,46,46,122,4,2,0,0.0000,8.6957,4.3478,0.0000,true
2027-06-20,Online Store,58,58,132,8,5,0,0.0000,13.7931,8.6207,0.0000,true
2027-06-21,Online Store,40,40,93,4,1,1,2.5000,10.0000,2.5000,100.0000,true
2027-06-22,Online Store,45,45,119,2,2,1,2.2222,4.4444,4.4444,50.0000,true
2027-06-23,Online Store,59,59,142,5,2,1,1.6949,8.4746,3.3898,50.0000,true
2027-06-24,Online Store,42,42,99,4,3,1,2.3810,9.5238,7.1429,33.3333,true
2027-06-25,Online Store,57,57,130,4,3,0,0.0000,7.0175,5.2632,0.0000,true
2027-06-26,Online Store,37,37,88,3,3,1,2.7027,8.1081,8.1081,33.3333,true
2027-06-27,Online Store,51,51,128,6,3,2,3.9216,11.7647,5.8824,66.6667,true
2027-06-28,Online Store,46,46,103,4,2,0,0.0000,8.6957,4.3478,0.0000,true
2027-06-29,Online Store,52,52,134,3,1,1,1.9231,5.7692,1.9231,100.0000,true
2027-06-30,Online Store,41,41,102,3,2,2,4.8780,7.3171,4.8780,100.0000,true
2027-07-01,Online Store,57,57,156,5,4,2,3.5088,8.7719,7.0175,50.0000,true
2027-07-02,Online Store,45,45,108,4,1,1,2.2222,8.8889,2.2222,100.0000,true
2027-07-03,Online Store,42,42,102,2,1,0,0.0000,4.7619,2.3810,0.0000,true
2027-07-04,Online Store,49,49,137,6,3,2,4.0816,12.2449,6.1224,66.6667,true
2027-07-05,Online Store,70,70,169,6,4,2,2.8571,8.5714,5.7143,50.0000,true
2027-07-06,Online Store,77,77,164,8,4,1,1.2987,10.3896,5.1948,25.0000,true
2027-07-07,Online Store,44,44,112,4,2,1,2.2727,9.0909,4.5455,50.0000,true
2027-07-08,Online Store,54,54,138,8,4,2,3.7037,14.8148,7.4074,50.0000,true
2027-07-09,Online Store,45,45,115,6,4,2,4.4444,13.3333,8.8889,50.0000,true
2027-07-10,Online Store,72,72,160,3,2,2,2.7778,4.1667,2.7778,100.0000,true
2027-07-11,Online Store,42,42,112,6,5,4,9.5238,14.2857,11.9048,80.0000,true
2027-07-12,Online Store,37,37,105,4,4,2,5.4054,10.8108,10.8108,50.0000,true
2027-07-13,Online Store,28,28,65,4,4,2,7.1429,14.2857,14.2857,50.0000,true
2027-07-14,Online Store,51,51,129,7,4,0,0.0000,13.7255,7.8431,0.0000,true
2027-07-15,Online Store,47,47,129,8,3,0,0.0000,17.0213,6.3830,0.0000,true
2027-07-16,Online Store,53,53,132,5,3,2,3.7736,9.4340,5.6604,66.6667,true
2027-07-17,Online Store,59,59,157,6,2,1,1.6949,10.1695,3.3898,50.0000,true
2027-07-18,Online Store,51,51,136,6,4,2,3.9216,11.7647,7.8431,50.0000,true
2027-07-19,Online Store,41,41,120,7,6,3,7.3171,17.0732,14.6341,50.0000,true
2027-07-20,Online Store,44,44,115,5,2,1,2.2727,11.3636,4.5455,50.0000,true
2027-07-21,Online Store,63,63,144,3,2,1,1.5873,4.7619,3.1746,50.0000,true
2027-07-22,Online Store,34,34,81,4,3,2,5.8824,11.7647,8.8235,66.6667,true
2027-07-23,Online Store,33,33,77,1,0,0,0.0000,3.0303,0.0000,,true
2027-07-24,Online Store,58,58,155,10,5,1,1.7241,17.2414,8.6207,20.0000,true
2027-07-25,Online Store,60,60,159,7,5,1,1.6667,11.6667,8.3333,20.0000,true
2027-07-26,Online Store,50,50,102,6,5,0,0.0000,12.0000,10.0000,0.0000,true
2027-07-27,Online Store,36,36,108,6,4,1,2.7778,16.6667,11.1111,25.0000,true
2027-07-28,Online Store,65,65,168,5,2,0,0.0000,7.6923,3.0769,0.0000,true
2027-07-29,Online Store,67,67,170,4,3,2,2.9851,5.9701,4.4776,66.6667,true
2027-07-30,Online Store,56,56,153,9,3,2,3.5714,16.0714,5.3571,66.6667,true
2027-07-31,Online Store,67,67,178,10,6,3,4.4776,14.9254,8.9552,50.0000,true
2027-08-01,Online Store,44,44,92,1,1,0,0.0000,2.2727,2.2727,0.0000,true
2027-08-02,Online Store,36,36,95,2,2,1,2.7778,5.5556,5.5556,50.0000,true
2027-08-03,Online Store,31,31,66,4,1,1,3.2258,12.9032,3.2258,100.0000,true
2027-08-04,Online Store,61,61,174,7,4,2,3.2787,11.4754,6.5574,50.0000,true
2027-08-05,Online Store,31,31,72,3,1,1,3.2258,9.6774,3.2258,100.0000,true
2027-08-06,Online Store,39,39,89,2,1,0,0.0000,5.1282,2.5641,0.0000,true
2027-08-07,Online Store,45,45,120,3,1,0,0.0000,6.6667,2.2222,0.0000,true
2027-08-08,Online Store,59,59,143,6,6,0,0.0000,10.1695,10.1695,0.0000,true
2027-08-09,Online Store,53,53,132,7,5,3,5.6604,13.2075,9.4340,60.0000,true
2027-08-10,Online Store,47,47,105,2,1,0,0.0000,4.2553,2.1277,0.0000,true
2027-08-11,Online Store,70,70,181,7,4,0,0.0000,10.0000,5.7143,0.0000,true
2027-08-12,Online Store,56,56,133,5,5,1,1.7857,8.9286,8.9286,20.0000,true
2027-08-13,Online Store,47,47,123,6,2,1,2.1277,12.7660,4.2553,50.0000,true
2027-08-14,Online Store,46,46,105,3,0,0,0.0000,6.5217,0.0000,,true
2027-08-15,Online Store,58,58,129,5,3,0,0.0000,8.6207,5.1724,0.0000,true
2027-08-16,Online Store,23,23,59,2,1,1,4.3478,8.6957,4.3478,100.0000,true
2027-08-17,Online Store,47,47,130,6,6,1,2.1277,12.7660,12.7660,16.6667,true
2027-08-18,Online Store,38,38,80,3,1,0,0.0000,7.8947,2.6316,0.0000,true
2027-08-19,Online Store,55,55,130,5,4,1,1.8182,9.0909,7.2727,25.0000,true
2027-08-20,Online Store,63,63,170,11,7,3,4.7619,17.4603,11.1111,42.8571,true
2027-08-21,Online Store,33,33,83,3,2,1,3.0303,9.0909,6.0606,50.0000,true
2027-08-22,Online Store,68,68,167,8,6,2,2.9412,11.7647,8.8235,33.3333,true
2027-08-23,Online Store,66,66,146,5,2,1,1.5152,7.5758,3.0303,50.0000,true
2027-08-24,Online Store,54,54,140,6,3,1,1.8519,11.1111,5.5556,33.3333,true
2027-08-25,Online Store,43,43,82,2,2,0,0.0000,4.6512,4.6512,0.0000,true
2027-08-26,Online Store,42,42,100,5,2,0,0.0000,11.9048,4.7619,0.0000,true
2027-08-27,Online Store,31,31,83,1,1,0,0.0000,3.2258,3.2258,0.0000,true
2027-08-28,Online Store,87,87,220,6,2,1,1.1494,6.8966,2.2989,50.0000,true
2027-08-29,Online Store,73,73,198,10,7,3,4.1096,13.6986,9.5890,42.8571,true
2027-08-30,Online Store,24,24,51,2,2,1,4.1667,8.3333,8.3333,50.0000,true
2027-08-31,Online Store,52,52,129,4,3,1,1.9231,7.6923,5.7692,33.3333,true
2027-09-01,Online Store,49,49,91,2,1,0,0.0000,4.0816,2.0408,0.0000,true
2027-09-02,Online Store,53,53,121,5,4,3,5.6604,9.4340,7.5472,75.0000,true
2027-09-03,Online Store,54,54,128,8,4,1,1.8519,14.8148,7.4074,25.0000,true
2027-09-04,Online Store,68,68,158,4,1,1,1.4706,5.8824,1.4706,100.0000,true
2027-09-05,Online Store,35,35,98,6,3,0,0.0000,17.1429,8.5714,0.0000,true
2027-09-06,Online Store,57,57,111,3,1,0,0.0000,5.2632,1.7544,0.0000,true
2027-09-07,Online Store,32,32,76,3,1,1,3.1250,9.3750,3.1250,100.0000,true
2027-09-08,Online Store,56,56,139,3,3,1,1.7857,5.3571,5.3571,33.3333,true
2027-09-09,Online Store,60,60,180,10,8,6,10.0000,16.6667,13.3333,75.0000,true
2027-09-10,Online Store,59,59,127,4,1,0,0.0000,6.7797,1.6949,0.0000,true
2027-09-11,Online Store,39,39,96,6,1,1,2.5641,15.3846,2.5641,100.0000,true
2027-09-12,Online Store,74,74,184,12,8,2,2.7027,16.2162,10.8108,25.0000,true
2027-09-13,Online Store,45,45,108,3,1,0,0.0000,6.6667,2.2222,0.0000,true
2027-09-14,Online Store,111,110,266,11,6,3,2.7027,9.9099,5.4054,50.0000,true
2027-09-15,Online Store,44,44,101,4,4,3,6.8182,9.0909,9.0909,75.0000,true
2027-09-16,Online Store,48,48,120,3,2,0,0.0000,6.2500,4.1667,0.0000,true
2027-09-17,Online Store,55,55,127,3,1,0,0.0000,5.4545,1.8182,0.0000,true
2027-09-18,Online Store,61,61,134,4,1,1,1.6393,6.5574,1.6393,100.0000,true
2027-09-19,Online Store,36,36,92,4,4,2,5.5556,11.1111,11.1111,50.0000,true
2027-09-20,Online Store,70,70,172,6,5,2,2.8571,8.5714,7.1429,40.0000,true
2027-09-21,Online Store,57,57,131,2,0,0,0.0000,3.5088,0.0000,,true
2027-09-22,Online Store,47,47,121,3,2,0,0.0000,6.3830,4.2553,0.0000,true
2027-09-23,Online Store,58,58,143,6,1,1,1.7241,10.3448,1.7241,100.0000,true
2027-09-24,Online Store,41,41,112,5,3,0,0.0000,12.1951,7.3171,0.0000,true
2027-09-25,Online Store,56,56,133,5,3,1,1.7857,8.9286,5.3571,33.3333,true
2027-09-26,Online Store,56,56,152,7,5,3,5.3571,12.5000,8.9286,60.0000,true
2027-09-27,Online Store,55,55,140,4,4,1,1.8182,7.2727,7.2727,25.0000,true
2027-09-28,Online Store,36,36,105,3,2,1,2.7778,8.3333,5.5556,50.0000,true
2027-09-29,Online Store,60,60,140,4,4,2,3.3333,6.6667,6.6667,50.0000,true
2027-09-30,Online Store,44,44,116,6,4,1,2.2727,13.6364,9.0909,25.0000,true
2027-10-01,Online Store,74,74,203,11,8,0,0.0000,14.8649,10.8108,0.0000,true
2027-10-02,Online Store,52,52,112,3,2,0,0.0000,5.7692,3.8462,0.0000,true
2027-10-03,Online Store,41,41,94,4,2,0,0.0000,9.7561,4.8780,0.0000,true
2027-10-04,Online Store,50,50,126,6,2,0,0.0000,12.0000,4.0000,0.0000,true
2027-10-05,Online Store,73,73,189,4,1,0,0.0000,5.4795,1.3699,0.0000,true
2027-10-06,Online Store,30,30,61,2,0,0,0.0000,6.6667,0.0000,,true
2027-10-07,Online Store,75,75,166,8,1,0,0.0000,10.6667,1.3333,0.0000,true
2027-10-08,Online Store,111,111,247,9,4,1,0.9009,8.1081,3.6036,25.0000,true
2027-10-09,Online Store,60,60,130,5,1,0,0.0000,8.3333,1.6667,0.0000,true
2027-10-10,Online Store,68,68,174,6,3,1,1.4706,8.8235,4.4118,33.3333,true
2027-10-11,Online Store,60,60,142,5,2,0,0.0000,8.3333,3.3333,0.0000,true
2027-10-12,Online Store,52,52,130,3,1,0,0.0000,5.7692,1.9231,0.0000,true
2027-10-13,Online Store,54,54,126,7,4,4,7.4074,12.9630,7.4074,100.0000,true
2027-10-14,Online Store,74,74,166,8,4,3,4.0541,10.8108,5.4054,75.0000,true
2027-10-15,Online Store,30,30,82,4,4,3,10.0000,13.3333,13.3333,75.0000,true
2027-10-16,Online Store,114,114,277,10,8,0,0.0000,8.7719,7.0175,0.0000,true
2027-10-17,Online Store,67,67,166,5,2,0,0.0000,7.4627,2.9851,0.0000,true
2027-10-18,Online Store,63,63,162,9,4,1,1.5873,14.2857,6.3492,25.0000,true
2027-10-19,Online Store,50,50,107,4,3,0,0.0000,8.0000,6.0000,0.0000,true
2027-10-20,Online Store,55,55,133,5,1,0,0.0000,9.0909,1.8182,0.0000,true
2027-10-21,Online Store,52,52,122,6,3,2,3.8462,11.5385,5.7692,66.6667,true
2027-10-22,Online Store,42,42,106,3,2,1,2.3810,7.1429,4.7619,50.0000,true
2027-10-23,Online Store,94,94,244,14,4,1,1.0638,14.8936,4.2553,25.0000,true
2027-10-24,Online Store,35,35,99,7,4,3,8.5714,20.0000,11.4286,75.0000,true
2027-10-25,Online Store,31,31,95,3,2,1,3.2258,9.6774,6.4516,50.0000,true
2027-10-26,Online Store,74,74,181,7,5,3,4.0541,9.4595,6.7568,60.0000,true
2027-10-27,Online Store,50,50,115,4,1,0,0.0000,8.0000,2.0000,0.0000,true
2027-10-28,Online Store,44,44,127,6,4,3,6.8182,13.6364,9.0909,75.0000,true
2027-10-29,Online Store,45,45,110,5,4,2,4.4444,11.1111,8.8889,50.0000,true
2027-10-30,Online Store,70,70,169,3,2,0,0.0000,4.2857,2.8571,0.0000,true
2027-10-31,Online Store,45,45,131,6,3,1,2.2222,13.3333,6.6667,33.3333,true
2027-11-01,Online Store,70,70,160,6,4,0,0.0000,8.5714,5.7143,0.0000,true
2027-11-02,Online Store,60,60,156,6,5,3,5.0000,10.0000,8.3333,60.0000,true
2027-11-03,Online Store,57,57,145,7,5,3,5.2632,12.2807,8.7719,60.0000,true
2027-11-04,Online Store,74,74,188,6,4,1,1.3514,8.1081,5.4054,25.0000,true
2027-11-05,Online Store,72,72,186,10,4,2,2.7778,13.8889,5.5556,50.0000,true
2027-11-06,Online Store,131,131,301,10,1,0,0.0000,7.6336,0.7634,0.0000,true
2027-11-07,Online Store,81,81,199,7,2,0,0.0000,8.6420,2.4691,0.0000,true
2027-11-08,Online Store,62,62,150,7,5,0,0.0000,11.2903,8.0645,0.0000,true
2027-11-09,Online Store,55,55,140,7,4,3,5.4545,12.7273,7.2727,75.0000,true
2027-11-10,Online Store,84,84,198,9,5,2,2.3810,10.7143,5.9524,40.0000,true
2027-11-11,Online Store,43,43,108,3,1,1,2.3256,6.9767,2.3256,100.0000,true
2027-11-12,Online Store,57,57,147,4,2,0,0.0000,7.0175,3.5088,0.0000,true
2027-11-13,Online Store,61,61,128,1,1,0,0.0000,1.6393,1.6393,0.0000,true
2027-11-14,Online Store,76,76,177,8,5,2,2.6316,10.5263,6.5789,40.0000,true
2027-11-15,Online Store,54,54,112,3,1,1,1.8519,5.5556,1.8519,100.0000,true
2027-11-16,Online Store,78,78,210,7,5,3,3.8462,8.9744,6.4103,60.0000,true
2027-11-17,Online Store,78,78,206,8,5,1,1.2821,10.2564,6.4103,20.0000,true
2027-11-18,Online Store,60,60,152,7,4,4,6.6667,11.6667,6.6667,100.0000,true
2027-11-19,Online Store,77,77,194,10,6,2,2.5974,12.9870,7.7922,33.3333,true
2027-11-20,Online Store,49,49,108,3,0,0,0.0000,6.1224,0.0000,,true
2027-11-21,Online Store,42,42,107,4,3,1,2.3810,9.5238,7.1429,33.3333,true
2027-11-22,Online Store,65,65,160,5,3,2,3.0769,7.6923,4.6154,66.6667,true
2027-11-23,Online Store,82,82,207,10,6,4,4.8780,12.1951,7.3171,66.6667,true
2027-11-24,Online Store,61,61,143,2,2,2,3.2787,3.2787,3.2787,100.0000,true
2027-11-25,Online Store,45,45,126,8,6,5,11.1111,17.7778,13.3333,83.3333,true
2027-11-26,Online Store,34,34,95,6,5,2,5.8824,17.6471,14.7059,40.0000,true
2027-11-27,Online Store,56,56,138,4,2,2,3.5714,7.1429,3.5714,100.0000,true
2027-11-28,Online Store,65,65,128,8,4,0,0.0000,12.3077,6.1538,0.0000,true
2027-11-29,Online Store,57,57,148,4,4,3,5.2632,7.0175,7.0175,75.0000,true
2027-11-30,Online Store,72,72,194,9,5,3,4.1667,12.5000,6.9444,60.0000,true
2027-12-01,Online Store,58,58,144,4,0,0,0.0000,6.8966,0.0000,,true
2027-12-02,Online Store,58,58,148,9,7,6,10.3448,15.5172,12.0690,85.7143,true
2027-12-03,Online Store,62,62,155,4,2,0,0.0000,6.4516,3.2258,0.0000,true
2027-12-04,Online Store,82,82,187,8,2,0,0.0000,9.7561,2.4390,0.0000,true
2027-12-05,Online Store,52,52,111,3,2,2,3.8462,5.7692,3.8462,100.0000,true
2027-12-06,Online Store,67,67,194,11,6,2,2.9851,16.4179,8.9552,33.3333,true
2027-12-07,Online Store,59,59,145,3,3,3,5.0847,5.0847,5.0847,100.0000,true
2027-12-08,Online Store,68,68,155,5,3,1,1.4706,7.3529,4.4118,33.3333,true
2027-12-09,Online Store,83,83,224,7,4,1,1.2048,8.4337,4.8193,25.0000,true
2027-12-10,Online Store,63,63,160,3,2,1,1.5873,4.7619,3.1746,50.0000,true
2027-12-11,Online Store,51,51,111,2,2,1,1.9608,3.9216,3.9216,50.0000,true
2027-12-12,Online Store,89,89,233,12,7,2,2.2472,13.4831,7.8652,28.5714,true
2027-12-13,Online Store,52,52,126,5,4,2,3.8462,9.6154,7.6923,50.0000,true
2027-12-14,Online Store,81,81,183,3,1,1,1.2346,3.7037,1.2346,100.0000,true
2027-12-15,Online Store,83,83,175,6,5,1,1.2048,7.2289,6.0241,20.0000,true
2027-12-16,Online Store,90,90,240,10,9,1,1.1111,11.1111,10.0000,11.1111,true
2027-12-17,Online Store,87,87,232,8,3,1,1.1494,9.1954,3.4483,33.3333,true
2027-12-18,Online Store,97,97,235,11,6,1,1.0309,11.3402,6.1856,16.6667,true
2027-12-19,Online Store,88,88,186,6,3,1,1.1364,6.8182,3.4091,33.3333,true
2027-12-20,Online Store,91,91,206,15,6,3,3.2967,16.4835,6.5934,50.0000,true
2027-12-21,Online Store,88,88,218,12,7,0,0.0000,13.6364,7.9545,0.0000,true
2027-12-22,Online Store,79,79,195,8,5,1,1.2658,10.1266,6.3291,20.0000,true
2027-12-23,Online Store,66,66,161,4,2,2,3.0303,6.0606,3.0303,100.0000,true
2027-12-24,Online Store,78,78,195,10,6,5,6.4103,12.8205,7.6923,83.3333,true
2027-12-25,Online Store,89,89,209,5,3,0,0.0000,5.6180,3.3708,0.0000,true
2027-12-26,Online Store,76,76,221,9,6,2,2.6316,11.8421,7.8947,33.3333,true
2027-12-27,Online Store,58,58,120,4,3,2,3.4483,6.8966,5.1724,66.6667,true
2027-12-28,Online Store,87,87,207,5,4,2,2.2989,5.7471,4.5977,50.0000,true
2027-12-29,Online Store,78,78,180,9,5,2,2.5641,11.5385,6.4103,40.0000,true
2027-12-30,Online Store,35,35,93,3,1,1,2.8571,8.5714,2.8571,100.0000,true
2027-12-31,Online Store,57,57,166,12,8,3,5.2632,21.0526,14.0351,37.5000,true
